name,mg,sub,price,orig,badge,cat,desc,stock
Tirzepatide,5 mg,Dual GIP/GLP-1 receptor agonist,34.99,,hot,Metabolic,Tirzepatide is a dual GIP and GLP-1 receptor agonist of significant interest in metabolic and glycemic control research.,12
Semaglutide,5 mg,GLP-1 receptor agonist,29.99,,hot,Metabolic,Semaglutide is a GLP-1 receptor agonist widely studied in metabolic research models.,8
Retatrutide,5 mg,Triple GLP-1/GIP/glucagon receptor agonist,44.99,,new,Metabolic,Retatrutide is a triagonist peptide targeting GLP-1 GIP and glucagon receptors simultaneously.,3
Cagrilintide,5 mg,Long-acting amylin analogue,59.99,,new,Metabolic,Cagrilintide is a long-acting amylin analogue studied in combination metabolic research protocols.,10
MOTS-c,10 mg,Mitochondria-derived peptide,49.99,,,Metabolic,MOTS-c is a mitochondria-derived peptide studied for roles in metabolic homeostasis.,6
BPC-157,5 mg,Body protection compound,29.99,,,Recovery & Repair,BPC-157 is a pentadecapeptide extensively studied for tissue repair and gut healing.,0
TB-500,5 mg,Thymosin beta-4 research peptide,44.99,,,Recovery & Repair,TB-500 is a synthetic fragment of Thymosin Beta-4 researched for roles in actin regulation.,7
Tesamorelin,5 mg,GHRH analogue — lipodystrophy research,64.99,,,Growth Factors,Tesamorelin is a synthetic GHRH analogue studied in models of visceral adiposity.,2
BPC-157 / TB-500 Blend,5 mg / 5 mg,Recovery & tissue repair dual blend,54.99,,sale,Blends,A research blend combining BPC-157 and TB-500.,5
CJC-1295 + Ipamorelin,5 mg / 5 mg,Dual GH-axis research blend,59.99,,,Blends,A synergistic blend of CJC-1295 and Ipamorelin studied in combination.,9
CJC-1295 No DAC,5 mg,Short-acting GHRH analogue,39.99,,,Blends,CJC-1295 without DAC is a modified GHRH analogue with a shorter half-life.,4
Epithalon,10 mg,Tetrapeptide longevity compound,34.99,,,Anti-Aging,Epithalon is a tetrapeptide researched for effects on telomerase activity.,11
NAD+,100 mg,Nicotinamide adenine dinucleotide,24.99,,,Anti-Aging,NAD+ is a critical coenzyme in cellular energy metabolism.,15
Bacteriostatic Water,30 mL,Sterile bacteriostatic water,14.99,,,Research Water,Sterile bacteriostatic water containing 0.9% benzyl alcohol for reconstitution of lyophilized peptides.,20
